index_id,asof_date,symbol,source_symbol,source_order,company_name,sector,listing_exchange,source_url,source_revision_timestamp,source_note
sp500,2018-01-02,A,A,1,,,,user_provided,,"User-provided S&P 500 start list recorded on 2026-06-03; unverified public/pilot anchor, not final Bloomberg membership."
sp500,2018-01-02,AAL,AAL,2,,,,user_provided,,"User-provided S&P 500 start list recorded on 2026-06-03; unverified public/pilot anchor, not final Bloomberg membership."
sp500,2018-01-02,AAP,AAP,3,,,,user_provided,,"User-provided S&P 500 start list recorded on 2026-06-03; unverified public/pilot anchor, not final Bloomberg membership."
sp500,2018-01-02,AAPL,AAPL,4,,,,user_provided,,"User-provided S&P 500 start list recorded on 2026-06-03; unverified public/pilot anchor, not final Bloomberg membership."
sp500,2018-01-02,ABBV,ABBV,5,,,,user_provided,,"User-provided S&P 500 start list recorded on 2026-06-03; unverified public/pilot anchor, not final Bloomberg membership."
sp500,2018-01-02,ABC,ABC,6,,,,user_provided,,"User-provided S&P 500 start list recorded on 2026-06-03; unverified public/pilot anchor, not final Bloomberg membership."
sp500,2018-01-02,ABT,ABT,7,,,,user_provided,,"User-provided S&P 500 start list recorded on 2026-06-03; unverified public/pilot anchor, not final Bloomberg membership."
sp500,2018-01-02,ACN,ACN,8,,,,user_provided,,"User-provided S&P 500 start list recorded on 2026-06-03; unverified public/pilot anchor, not final Bloomberg membership."
sp500,2018-01-02,ADBE,ADBE,9,,,,user_provided,,"User-provided S&P 500 start list recorded on 2026-06-03; unverified public/pilot anchor, not final Bloomberg membership."
sp500,2018-01-02,ADI,ADI,10,,,,user_provided,,"User-provided S&P 500 start list recorded on 2026-06-03; unverified public/pilot anchor, not final Bloomberg membership."
sp500,2018-01-02,ADM,ADM,11,,,,user_provided,,"User-provided S&P 500 start list recorded on 2026-06-03; unverified public/pilot anchor, not final Bloomberg membership."
sp500,2018-01-02,ADP,ADP,12,,,,user_provided,,"User-provided S&P 500 start list recorded on 2026-06-03; unverified public/pilot anchor, not final Bloomberg membership."
sp500,2018-01-02,ADS,ADS,13,,,,user_provided,,"User-provided S&P 500 start list recorded on 2026-06-03; unverified public/pilot anchor, not final Bloomberg membership."
sp500,2018-01-02,ADSK,ADSK,14,,,,user_provided,,"User-provided S&P 500 start list recorded on 2026-06-03; unverified public/pilot anchor, not final Bloomberg membership."
sp500,2018-01-02,AEE,AEE,15,,,,user_provided,,"User-provided S&P 500 start list recorded on 2026-06-03; unverified public/pilot anchor, not final Bloomberg membership."
sp500,2018-01-02,AEP,AEP,16,,,,user_provided,,"User-provided S&P 500 start list recorded on 2026-06-03; unverified public/pilot anchor, not final Bloomberg membership."
sp500,2018-01-02,AES,AES,17,,,,user_provided,,"User-provided S&P 500 start list recorded on 2026-06-03; unverified public/pilot anchor, not final Bloomberg membership."
sp500,2018-01-02,AET,AET,18,,,,user_provided,,"User-provided S&P 500 start list recorded on 2026-06-03; unverified public/pilot anchor, not final Bloomberg membership."
sp500,2018-01-02,AFL,AFL,19,,,,user_provided,,"User-provided S&P 500 start list recorded on 2026-06-03; unverified public/pilot anchor, not final Bloomberg membership."
sp500,2018-01-02,AGN,AGN,20,,,,user_provided,,"User-provided S&P 500 start list recorded on 2026-06-03; unverified public/pilot anchor, not final Bloomberg membership."
sp500,2018-01-02,AIG,AIG,21,,,,user_provided,,"User-provided S&P 500 start list recorded on 2026-06-03; unverified public/pilot anchor, not final Bloomberg membership."
sp500,2018-01-02,AIV,AIV,22,,,,user_provided,,"User-provided S&P 500 start list recorded on 2026-06-03; unverified public/pilot anchor, not final Bloomberg membership."
sp500,2018-01-02,AIZ,AIZ,23,,,,user_provided,,"User-provided S&P 500 start list recorded on 2026-06-03; unverified public/pilot anchor, not final Bloomberg membership."
sp500,2018-01-02,AJG,AJG,24,,,,user_provided,,"User-provided S&P 500 start list recorded on 2026-06-03; unverified public/pilot anchor, not final Bloomberg membership."
sp500,2018-01-02,AKAM,AKAM,25,,,,user_provided,,"User-provided S&P 500 start list recorded on 2026-06-03; unverified public/pilot anchor, not final Bloomberg membership."
sp500,2018-01-02,ALB,ALB,26,,,,user_provided,,"User-provided S&P 500 start list recorded on 2026-06-03; unverified public/pilot anchor, not final Bloomberg membership."
sp500,2018-01-02,ALGN,ALGN,27,,,,user_provided,,"User-provided S&P 500 start list recorded on 2026-06-03; unverified public/pilot anchor, not final Bloomberg membership."
sp500,2018-01-02,ALK,ALK,28,,,,user_provided,,"User-provided S&P 500 start list recorded on 2026-06-03; unverified public/pilot anchor, not final Bloomberg membership."
sp500,2018-01-02,ALL,ALL,29,,,,user_provided,,"User-provided S&P 500 start list recorded on 2026-06-03; unverified public/pilot anchor, not final Bloomberg membership."
sp500,2018-01-02,ALLE,ALLE,30,,,,user_provided,,"User-provided S&P 500 start list recorded on 2026-06-03; unverified public/pilot anchor, not final Bloomberg membership."
sp500,2018-01-02,ALXN,ALXN,31,,,,user_provided,,"User-provided S&P 500 start list recorded on 2026-06-03; unverified public/pilot anchor, not final Bloomberg membership."
sp500,2018-01-02,AMAT,AMAT,32,,,,user_provided,,"User-provided S&P 500 start list recorded on 2026-06-03; unverified public/pilot anchor, not final Bloomberg membership."
sp500,2018-01-02,AMD,AMD,33,,,,user_provided,,"User-provided S&P 500 start list recorded on 2026-06-03; unverified public/pilot anchor, not final Bloomberg membership."
sp500,2018-01-02,AME,AME,34,,,,user_provided,,"User-provided S&P 500 start list recorded on 2026-06-03; unverified public/pilot anchor, not final Bloomberg membership."
sp500,2018-01-02,AMG,AMG,35,,,,user_provided,,"User-provided S&P 500 start list recorded on 2026-06-03; unverified public/pilot anchor, not final Bloomberg membership."
sp500,2018-01-02,AMGN,AMGN,36,,,,user_provided,,"User-provided S&P 500 start list recorded on 2026-06-03; unverified public/pilot anchor, not final Bloomberg membership."
sp500,2018-01-02,AMP,AMP,37,,,,user_provided,,"User-provided S&P 500 start list recorded on 2026-06-03; unverified public/pilot anchor, not final Bloomberg membership."
sp500,2018-01-02,AMT,AMT,38,,,,user_provided,,"User-provided S&P 500 start list recorded on 2026-06-03; unverified public/pilot anchor, not final Bloomberg membership."
sp500,2018-01-02,AMZN,AMZN,39,,,,user_provided,,"User-provided S&P 500 start list recorded on 2026-06-03; unverified public/pilot anchor, not final Bloomberg membership."
sp500,2018-01-02,ANDV,ANDV,40,,,,user_provided,,"User-provided S&P 500 start list recorded on 2026-06-03; unverified public/pilot anchor, not final Bloomberg membership."
sp500,2018-01-02,ANSS,ANSS,41,,,,user_provided,,"User-provided S&P 500 start list recorded on 2026-06-03; unverified public/pilot anchor, not final Bloomberg membership."
sp500,2018-01-02,ANTM,ANTM,42,,,,user_provided,,"User-provided S&P 500 start list recorded on 2026-06-03; unverified public/pilot anchor, not final Bloomberg membership."
sp500,2018-01-02,AON,AON,43,,,,user_provided,,"User-provided S&P 500 start list recorded on 2026-06-03; unverified public/pilot anchor, not final Bloomberg membership."
sp500,2018-01-02,AOS,AOS,44,,,,user_provided,,"User-provided S&P 500 start list recorded on 2026-06-03; unverified public/pilot anchor, not final Bloomberg membership."
sp500,2018-01-02,APA,APA,45,,,,user_provided,,"User-provided S&P 500 start list recorded on 2026-06-03; unverified public/pilot anchor, not final Bloomberg membership."
sp500,2018-01-02,APC,APC,46,,,,user_provided,,"User-provided S&P 500 start list recorded on 2026-06-03; unverified public/pilot anchor, not final Bloomberg membership."
sp500,2018-01-02,APD,APD,47,,,,user_provided,,"User-provided S&P 500 start list recorded on 2026-06-03; unverified public/pilot anchor, not final Bloomberg membership."
sp500,2018-01-02,APH,APH,48,,,,user_provided,,"User-provided S&P 500 start list recorded on 2026-06-03; unverified public/pilot anchor, not final Bloomberg membership."
sp500,2018-01-02,APTV,APTV,49,,,,user_provided,,"User-provided S&P 500 start list recorded on 2026-06-03; unverified public/pilot anchor, not final Bloomberg membership."
sp500,2018-01-02,ARE,ARE,50,,,,user_provided,,"User-provided S&P 500 start list recorded on 2026-06-03; unverified public/pilot anchor, not final Bloomberg membership."
sp500,2018-01-02,ARNC,ARNC,51,,,,user_provided,,"User-provided S&P 500 start list recorded on 2026-06-03; unverified public/pilot anchor, not final Bloomberg membership."
sp500,2018-01-02,ATVI,ATVI,52,,,,user_provided,,"User-provided S&P 500 start list recorded on 2026-06-03; unverified public/pilot anchor, not final Bloomberg membership."
sp500,2018-01-02,AVB,AVB,53,,,,user_provided,,"User-provided S&P 500 start list recorded on 2026-06-03; unverified public/pilot anchor, not final Bloomberg membership."
sp500,2018-01-02,AVGO,AVGO,54,,,,user_provided,,"User-provided S&P 500 start list recorded on 2026-06-03; unverified public/pilot anchor, not final Bloomberg membership."
sp500,2018-01-02,AVY,AVY,55,,,,user_provided,,"User-provided S&P 500 start list recorded on 2026-06-03; unverified public/pilot anchor, not final Bloomberg membership."
sp500,2018-01-02,AWK,AWK,56,,,,user_provided,,"User-provided S&P 500 start list recorded on 2026-06-03; unverified public/pilot anchor, not final Bloomberg membership."
sp500,2018-01-02,AXP,AXP,57,,,,user_provided,,"User-provided S&P 500 start list recorded on 2026-06-03; unverified public/pilot anchor, not final Bloomberg membership."
sp500,2018-01-02,AYI,AYI,58,,,,user_provided,,"User-provided S&P 500 start list recorded on 2026-06-03; unverified public/pilot anchor, not final Bloomberg membership."
sp500,2018-01-02,AZO,AZO,59,,,,user_provided,,"User-provided S&P 500 start list recorded on 2026-06-03; unverified public/pilot anchor, not final Bloomberg membership."
sp500,2018-01-02,BA,BA,60,,,,user_provided,,"User-provided S&P 500 start list recorded on 2026-06-03; unverified public/pilot anchor, not final Bloomberg membership."
sp500,2018-01-02,BAC,BAC,61,,,,user_provided,,"User-provided S&P 500 start list recorded on 2026-06-03; unverified public/pilot anchor, not final Bloomberg membership."
sp500,2018-01-02,BAX,BAX,62,,,,user_provided,,"User-provided S&P 500 start list recorded on 2026-06-03; unverified public/pilot anchor, not final Bloomberg membership."
sp500,2018-01-02,BBT,BBT,63,,,,user_provided,,"User-provided S&P 500 start list recorded on 2026-06-03; unverified public/pilot anchor, not final Bloomberg membership."
sp500,2018-01-02,BBY,BBY,64,,,,user_provided,,"User-provided S&P 500 start list recorded on 2026-06-03; unverified public/pilot anchor, not final Bloomberg membership."
sp500,2018-01-02,BCR,BCR,506,CR Bard,,,SP500/changes.json,,Point-in-time correction added from local SP500/changes.json audit. 2018-01-03 HII replaced BCR; therefore BCR should still be in the 2018-01-02 roster.
sp500,2018-01-02,BDX,BDX,65,,,,user_provided,,"User-provided S&P 500 start list recorded on 2026-06-03; unverified public/pilot anchor, not final Bloomberg membership."
sp500,2018-01-02,BEN,BEN,66,,,,user_provided,,"User-provided S&P 500 start list recorded on 2026-06-03; unverified public/pilot anchor, not final Bloomberg membership."
sp500,2018-01-02,BF B,BF.B,67,,,,user_provided,,"User-provided S&P 500 start list recorded on 2026-06-03; unverified public/pilot anchor, not final Bloomberg membership."
sp500,2018-01-02,BHF,BHF,68,,,,user_provided,,"User-provided S&P 500 start list recorded on 2026-06-03; unverified public/pilot anchor, not final Bloomberg membership."
sp500,2018-01-02,BHGE,BHGE,69,,,,user_provided,,"User-provided S&P 500 start list recorded on 2026-06-03; unverified public/pilot anchor, not final Bloomberg membership."
sp500,2018-01-02,BIIB,BIIB,70,,,,user_provided,,"User-provided S&P 500 start list recorded on 2026-06-03; unverified public/pilot anchor, not final Bloomberg membership."
sp500,2018-01-02,BK,BK,71,,,,user_provided,,"User-provided S&P 500 start list recorded on 2026-06-03; unverified public/pilot anchor, not final Bloomberg membership."
sp500,2018-01-02,BLK,BLK,73,,,,user_provided,,"User-provided S&P 500 start list recorded on 2026-06-03; unverified public/pilot anchor, not final Bloomberg membership."
sp500,2018-01-02,BLL,BLL,74,,,,user_provided,,"User-provided S&P 500 start list recorded on 2026-06-03; unverified public/pilot anchor, not final Bloomberg membership."
sp500,2018-01-02,BMY,BMY,75,,,,user_provided,,"User-provided S&P 500 start list recorded on 2026-06-03; unverified public/pilot anchor, not final Bloomberg membership."
sp500,2018-01-02,BRK B,BRK.B,76,,,,user_provided,,"User-provided S&P 500 start list recorded on 2026-06-03; unverified public/pilot anchor, not final Bloomberg membership."
sp500,2018-01-02,BSX,BSX,77,,,,user_provided,,"User-provided S&P 500 start list recorded on 2026-06-03; unverified public/pilot anchor, not final Bloomberg membership."
sp500,2018-01-02,BWA,BWA,78,,,,user_provided,,"User-provided S&P 500 start list recorded on 2026-06-03; unverified public/pilot anchor, not final Bloomberg membership."
sp500,2018-01-02,BXP,BXP,79,,,,user_provided,,"User-provided S&P 500 start list recorded on 2026-06-03; unverified public/pilot anchor, not final Bloomberg membership."
sp500,2018-01-02,C,C,80,,,,user_provided,,"User-provided S&P 500 start list recorded on 2026-06-03; unverified public/pilot anchor, not final Bloomberg membership."
sp500,2018-01-02,CA,CA,81,,,,user_provided,,"User-provided S&P 500 start list recorded on 2026-06-03; unverified public/pilot anchor, not final Bloomberg membership."
sp500,2018-01-02,CAG,CAG,82,,,,user_provided,,"User-provided S&P 500 start list recorded on 2026-06-03; unverified public/pilot anchor, not final Bloomberg membership."
sp500,2018-01-02,CAH,CAH,83,,,,user_provided,,"User-provided S&P 500 start list recorded on 2026-06-03; unverified public/pilot anchor, not final Bloomberg membership."
sp500,2018-01-02,CAT,CAT,84,,,,user_provided,,"User-provided S&P 500 start list recorded on 2026-06-03; unverified public/pilot anchor, not final Bloomberg membership."
sp500,2018-01-02,CB,CB,85,,,,user_provided,,"User-provided S&P 500 start list recorded on 2026-06-03; unverified public/pilot anchor, not final Bloomberg membership."
sp500,2018-01-02,CBG,CBRE,87,,,,user_provided,,"User-provided S&P 500 start list recorded on 2026-06-03; unverified public/pilot anchor, not final Bloomberg membership. Historical TAQ symbol correction for 2018-01-02: CBRE -> CBG."
sp500,2018-01-02,CBOE,CBOE,86,,,,user_provided,,"User-provided S&P 500 start list recorded on 2026-06-03; unverified public/pilot anchor, not final Bloomberg membership."
sp500,2018-01-02,CBS,CBS,88,,,,user_provided,,"User-provided S&P 500 start list recorded on 2026-06-03; unverified public/pilot anchor, not final Bloomberg membership."
sp500,2018-01-02,CCI,CCI,89,,,,user_provided,,"User-provided S&P 500 start list recorded on 2026-06-03; unverified public/pilot anchor, not final Bloomberg membership."
sp500,2018-01-02,CCL,CCL,90,,,,user_provided,,"User-provided S&P 500 start list recorded on 2026-06-03; unverified public/pilot anchor, not final Bloomberg membership."
sp500,2018-01-02,CDNS,CDNS,91,,,,user_provided,,"User-provided S&P 500 start list recorded on 2026-06-03; unverified public/pilot anchor, not final Bloomberg membership."
sp500,2018-01-02,CELG,CELG,92,,,,user_provided,,"User-provided S&P 500 start list recorded on 2026-06-03; unverified public/pilot anchor, not final Bloomberg membership."
sp500,2018-01-02,CERN,CERN,93,,,,user_provided,,"User-provided S&P 500 start list recorded on 2026-06-03; unverified public/pilot anchor, not final Bloomberg membership."
sp500,2018-01-02,CF,CF,94,,,,user_provided,,"User-provided S&P 500 start list recorded on 2026-06-03; unverified public/pilot anchor, not final Bloomberg membership."
sp500,2018-01-02,CFG,CFG,95,,,,user_provided,,"User-provided S&P 500 start list recorded on 2026-06-03; unverified public/pilot anchor, not final Bloomberg membership."
sp500,2018-01-02,CHD,CHD,96,,,,user_provided,,"User-provided S&P 500 start list recorded on 2026-06-03; unverified public/pilot anchor, not final Bloomberg membership."
sp500,2018-01-02,CHK,CHK,97,,,,user_provided,,"User-provided S&P 500 start list recorded on 2026-06-03; unverified public/pilot anchor, not final Bloomberg membership."
sp500,2018-01-02,CHRW,CHRW,98,,,,user_provided,,"User-provided S&P 500 start list recorded on 2026-06-03; unverified public/pilot anchor, not final Bloomberg membership."
sp500,2018-01-02,CHTR,CHTR,99,,,,user_provided,,"User-provided S&P 500 start list recorded on 2026-06-03; unverified public/pilot anchor, not final Bloomberg membership."
sp500,2018-01-02,CI,CI,100,,,,user_provided,,"User-provided S&P 500 start list recorded on 2026-06-03; unverified public/pilot anchor, not final Bloomberg membership."
sp500,2018-01-02,CINF,CINF,101,,,,user_provided,,"User-provided S&P 500 start list recorded on 2026-06-03; unverified public/pilot anchor, not final Bloomberg membership."
sp500,2018-01-02,CL,CL,102,,,,user_provided,,"User-provided S&P 500 start list recorded on 2026-06-03; unverified public/pilot anchor, not final Bloomberg membership."
sp500,2018-01-02,CLX,CLX,103,,,,user_provided,,"User-provided S&P 500 start list recorded on 2026-06-03; unverified public/pilot anchor, not final Bloomberg membership."
sp500,2018-01-02,CMA,CMA,104,,,,user_provided,,"User-provided S&P 500 start list recorded on 2026-06-03; unverified public/pilot anchor, not final Bloomberg membership."
sp500,2018-01-02,CMCS A,CMCSA,105,,,,user_provided,,"User-provided S&P 500 start list recorded on 2026-06-03; unverified public/pilot anchor, not final Bloomberg membership. Historical TAQ symbol correction for 2018-01-02: CMCSA -> CMCS A."
sp500,2018-01-02,CME,CME,106,,,,user_provided,,"User-provided S&P 500 start list recorded on 2026-06-03; unverified public/pilot anchor, not final Bloomberg membership."
sp500,2018-01-02,CMG,CMG,107,,,,user_provided,,"User-provided S&P 500 start list recorded on 2026-06-03; unverified public/pilot anchor, not final Bloomberg membership."
sp500,2018-01-02,CMI,CMI,108,,,,user_provided,,"User-provided S&P 500 start list recorded on 2026-06-03; unverified public/pilot anchor, not final Bloomberg membership."
sp500,2018-01-02,CMS,CMS,109,,,,user_provided,,"User-provided S&P 500 start list recorded on 2026-06-03; unverified public/pilot anchor, not final Bloomberg membership."
sp500,2018-01-02,CNC,CNC,110,,,,user_provided,,"User-provided S&P 500 start list recorded on 2026-06-03; unverified public/pilot anchor, not final Bloomberg membership."
sp500,2018-01-02,CNP,CNP,111,,,,user_provided,,"User-provided S&P 500 start list recorded on 2026-06-03; unverified public/pilot anchor, not final Bloomberg membership."
sp500,2018-01-02,COF,COF,112,,,,user_provided,,"User-provided S&P 500 start list recorded on 2026-06-03; unverified public/pilot anchor, not final Bloomberg membership."
sp500,2018-01-02,COG,COG,113,,,,user_provided,,"User-provided S&P 500 start list recorded on 2026-06-03; unverified public/pilot anchor, not final Bloomberg membership."
sp500,2018-01-02,COL,COL,114,,,,user_provided,,"User-provided S&P 500 start list recorded on 2026-06-03; unverified public/pilot anchor, not final Bloomberg membership."
sp500,2018-01-02,COO,COO,115,,,,user_provided,,"User-provided S&P 500 start list recorded on 2026-06-03; unverified public/pilot anchor, not final Bloomberg membership."
sp500,2018-01-02,COP,COP,116,,,,user_provided,,"User-provided S&P 500 start list recorded on 2026-06-03; unverified public/pilot anchor, not final Bloomberg membership."
sp500,2018-01-02,COST,COST,117,,,,user_provided,,"User-provided S&P 500 start list recorded on 2026-06-03; unverified public/pilot anchor, not final Bloomberg membership."
sp500,2018-01-02,COTY,COTY,118,,,,user_provided,,"User-provided S&P 500 start list recorded on 2026-06-03; unverified public/pilot anchor, not final Bloomberg membership."
sp500,2018-01-02,CPB,CPB,119,,,,user_provided,,"User-provided S&P 500 start list recorded on 2026-06-03; unverified public/pilot anchor, not final Bloomberg membership."
sp500,2018-01-02,CRM,CRM,121,,,,user_provided,,"User-provided S&P 500 start list recorded on 2026-06-03; unverified public/pilot anchor, not final Bloomberg membership."
sp500,2018-01-02,CSCO,CSCO,122,,,,user_provided,,"User-provided S&P 500 start list recorded on 2026-06-03; unverified public/pilot anchor, not final Bloomberg membership."
sp500,2018-01-02,CSRA,CSRA,123,,,,user_provided,,"User-provided S&P 500 start list recorded on 2026-06-03; unverified public/pilot anchor, not final Bloomberg membership."
sp500,2018-01-02,CSX,CSX,124,,,,user_provided,,"User-provided S&P 500 start list recorded on 2026-06-03; unverified public/pilot anchor, not final Bloomberg membership."
sp500,2018-01-02,CTAS,CTAS,125,,,,user_provided,,"User-provided S&P 500 start list recorded on 2026-06-03; unverified public/pilot anchor, not final Bloomberg membership."
sp500,2018-01-02,CTL,CTL,126,,,,user_provided,,"User-provided S&P 500 start list recorded on 2026-06-03; unverified public/pilot anchor, not final Bloomberg membership."
sp500,2018-01-02,CTSH,CTSH,127,,,,user_provided,,"User-provided S&P 500 start list recorded on 2026-06-03; unverified public/pilot anchor, not final Bloomberg membership."
sp500,2018-01-02,CTXS,CTXS,128,,,,user_provided,,"User-provided S&P 500 start list recorded on 2026-06-03; unverified public/pilot anchor, not final Bloomberg membership."
sp500,2018-01-02,CVS,CVS,129,,,,user_provided,,"User-provided S&P 500 start list recorded on 2026-06-03; unverified public/pilot anchor, not final Bloomberg membership."
sp500,2018-01-02,CVX,CVX,130,,,,user_provided,,"User-provided S&P 500 start list recorded on 2026-06-03; unverified public/pilot anchor, not final Bloomberg membership."
sp500,2018-01-02,CXO,CXO,131,,,,user_provided,,"User-provided S&P 500 start list recorded on 2026-06-03; unverified public/pilot anchor, not final Bloomberg membership."
sp500,2018-01-02,D,D,132,,,,user_provided,,"User-provided S&P 500 start list recorded on 2026-06-03; unverified public/pilot anchor, not final Bloomberg membership."
sp500,2018-01-02,DAL,DAL,133,,,,user_provided,,"User-provided S&P 500 start list recorded on 2026-06-03; unverified public/pilot anchor, not final Bloomberg membership."
sp500,2018-01-02,DE,DE,134,,,,user_provided,,"User-provided S&P 500 start list recorded on 2026-06-03; unverified public/pilot anchor, not final Bloomberg membership."
sp500,2018-01-02,DFS,DFS,135,,,,user_provided,,"User-provided S&P 500 start list recorded on 2026-06-03; unverified public/pilot anchor, not final Bloomberg membership."
sp500,2018-01-02,DG,DG,136,,,,user_provided,,"User-provided S&P 500 start list recorded on 2026-06-03; unverified public/pilot anchor, not final Bloomberg membership."
sp500,2018-01-02,DGX,DGX,137,,,,user_provided,,"User-provided S&P 500 start list recorded on 2026-06-03; unverified public/pilot anchor, not final Bloomberg membership."
sp500,2018-01-02,DHI,DHI,138,,,,user_provided,,"User-provided S&P 500 start list recorded on 2026-06-03; unverified public/pilot anchor, not final Bloomberg membership."
sp500,2018-01-02,DHR,DHR,139,,,,user_provided,,"User-provided S&P 500 start list recorded on 2026-06-03; unverified public/pilot anchor, not final Bloomberg membership."
sp500,2018-01-02,DIS,DIS,140,,,,user_provided,,"User-provided S&P 500 start list recorded on 2026-06-03; unverified public/pilot anchor, not final Bloomberg membership."
sp500,2018-01-02,DISC A,DISCA,141,,,,user_provided,,"User-provided S&P 500 start list recorded on 2026-06-03; unverified public/pilot anchor, not final Bloomberg membership. Historical TAQ symbol correction for 2018-01-02: DISCA -> DISC A."
sp500,2018-01-02,DISC K,DISCK,142,,,,user_provided,,"User-provided S&P 500 start list recorded on 2026-06-03; unverified public/pilot anchor, not final Bloomberg membership. Historical TAQ symbol correction for 2018-01-02: DISCK -> DISC K."
sp500,2018-01-02,DISH,DISH,143,,,,user_provided,,"User-provided S&P 500 start list recorded on 2026-06-03; unverified public/pilot anchor, not final Bloomberg membership."
sp500,2018-01-02,DLR,DLR,144,,,,user_provided,,"User-provided S&P 500 start list recorded on 2026-06-03; unverified public/pilot anchor, not final Bloomberg membership."
sp500,2018-01-02,DLTR,DLTR,145,,,,user_provided,,"User-provided S&P 500 start list recorded on 2026-06-03; unverified public/pilot anchor, not final Bloomberg membership."
sp500,2018-01-02,DOV,DOV,146,,,,user_provided,,"User-provided S&P 500 start list recorded on 2026-06-03; unverified public/pilot anchor, not final Bloomberg membership."
sp500,2018-01-02,DPS,DPS,507,Dr Pepper Snapple Group,,,SP500/changes.json,,Point-in-time correction added from local SP500/changes.json audit. 2018-07-02 CPRT replaced DPS; therefore DPS should still be in the 2018-01-02 roster.
sp500,2018-01-02,DPS,KDP,267,,,,user_provided,,"User-provided S&P 500 start list recorded on 2026-06-03; unverified public/pilot anchor, not final Bloomberg membership. Historical TAQ symbol correction for 2018-01-02: KDP -> DPS."
sp500,2018-01-02,DRE,DRE,147,,,,user_provided,,"User-provided S&P 500 start list recorded on 2026-06-03; unverified public/pilot anchor, not final Bloomberg membership."
sp500,2018-01-02,DRI,DRI,148,,,,user_provided,,"User-provided S&P 500 start list recorded on 2026-06-03; unverified public/pilot anchor, not final Bloomberg membership."
sp500,2018-01-02,DTE,DTE,149,,,,user_provided,,"User-provided S&P 500 start list recorded on 2026-06-03; unverified public/pilot anchor, not final Bloomberg membership."
sp500,2018-01-02,DUK,DUK,150,,,,user_provided,,"User-provided S&P 500 start list recorded on 2026-06-03; unverified public/pilot anchor, not final Bloomberg membership."
sp500,2018-01-02,DVA,DVA,151,,,,user_provided,,"User-provided S&P 500 start list recorded on 2026-06-03; unverified public/pilot anchor, not final Bloomberg membership."
sp500,2018-01-02,DVN,DVN,152,,,,user_provided,,"User-provided S&P 500 start list recorded on 2026-06-03; unverified public/pilot anchor, not final Bloomberg membership."
sp500,2018-01-02,DWDP,DWDP,153,,,,user_provided,,"User-provided S&P 500 start list recorded on 2026-06-03; unverified public/pilot anchor, not final Bloomberg membership."
sp500,2018-01-02,DXC,DXC,154,,,,user_provided,,"User-provided S&P 500 start list recorded on 2026-06-03; unverified public/pilot anchor, not final Bloomberg membership."
sp500,2018-01-02,EA,EA,155,,,,user_provided,,"User-provided S&P 500 start list recorded on 2026-06-03; unverified public/pilot anchor, not final Bloomberg membership."
sp500,2018-01-02,EBAY,EBAY,156,,,,user_provided,,"User-provided S&P 500 start list recorded on 2026-06-03; unverified public/pilot anchor, not final Bloomberg membership."
sp500,2018-01-02,ECL,ECL,157,,,,user_provided,,"User-provided S&P 500 start list recorded on 2026-06-03; unverified public/pilot anchor, not final Bloomberg membership."
sp500,2018-01-02,ED,ED,158,,,,user_provided,,"User-provided S&P 500 start list recorded on 2026-06-03; unverified public/pilot anchor, not final Bloomberg membership."
sp500,2018-01-02,EFX,EFX,159,,,,user_provided,,"User-provided S&P 500 start list recorded on 2026-06-03; unverified public/pilot anchor, not final Bloomberg membership."
sp500,2018-01-02,EIX,EIX,160,,,,user_provided,,"User-provided S&P 500 start list recorded on 2026-06-03; unverified public/pilot anchor, not final Bloomberg membership."
sp500,2018-01-02,EL,EL,161,,,,user_provided,,"User-provided S&P 500 start list recorded on 2026-06-03; unverified public/pilot anchor, not final Bloomberg membership."
sp500,2018-01-02,EMN,EMN,162,,,,user_provided,,"User-provided S&P 500 start list recorded on 2026-06-03; unverified public/pilot anchor, not final Bloomberg membership."
sp500,2018-01-02,EMR,EMR,163,,,,user_provided,,"User-provided S&P 500 start list recorded on 2026-06-03; unverified public/pilot anchor, not final Bloomberg membership."
sp500,2018-01-02,EOG,EOG,164,,,,user_provided,,"User-provided S&P 500 start list recorded on 2026-06-03; unverified public/pilot anchor, not final Bloomberg membership."
sp500,2018-01-02,EQIX,EQIX,165,,,,user_provided,,"User-provided S&P 500 start list recorded on 2026-06-03; unverified public/pilot anchor, not final Bloomberg membership."
sp500,2018-01-02,EQR,EQR,166,,,,user_provided,,"User-provided S&P 500 start list recorded on 2026-06-03; unverified public/pilot anchor, not final Bloomberg membership."
sp500,2018-01-02,EQT,EQT,167,,,,user_provided,,"User-provided S&P 500 start list recorded on 2026-06-03; unverified public/pilot anchor, not final Bloomberg membership."
sp500,2018-01-02,ES,ES,168,,,,user_provided,,"User-provided S&P 500 start list recorded on 2026-06-03; unverified public/pilot anchor, not final Bloomberg membership."
sp500,2018-01-02,ESRX,ESRX,169,,,,user_provided,,"User-provided S&P 500 start list recorded on 2026-06-03; unverified public/pilot anchor, not final Bloomberg membership."
sp500,2018-01-02,ESS,ESS,170,,,,user_provided,,"User-provided S&P 500 start list recorded on 2026-06-03; unverified public/pilot anchor, not final Bloomberg membership."
sp500,2018-01-02,ETFC,ETFC,171,,,,user_provided,,"User-provided S&P 500 start list recorded on 2026-06-03; unverified public/pilot anchor, not final Bloomberg membership."
sp500,2018-01-02,ETN,ETN,172,,,,user_provided,,"User-provided S&P 500 start list recorded on 2026-06-03; unverified public/pilot anchor, not final Bloomberg membership."
sp500,2018-01-02,ETR,ETR,173,,,,user_provided,,"User-provided S&P 500 start list recorded on 2026-06-03; unverified public/pilot anchor, not final Bloomberg membership."
sp500,2018-01-02,EVHC,EVHC,174,,,,user_provided,,"User-provided S&P 500 start list recorded on 2026-06-03; unverified public/pilot anchor, not final Bloomberg membership."
sp500,2018-01-02,EW,EW,175,,,,user_provided,,"User-provided S&P 500 start list recorded on 2026-06-03; unverified public/pilot anchor, not final Bloomberg membership."
sp500,2018-01-02,EXC,EXC,176,,,,user_provided,,"User-provided S&P 500 start list recorded on 2026-06-03; unverified public/pilot anchor, not final Bloomberg membership."
sp500,2018-01-02,EXPD,EXPD,177,,,,user_provided,,"User-provided S&P 500 start list recorded on 2026-06-03; unverified public/pilot anchor, not final Bloomberg membership."
sp500,2018-01-02,EXPE,EXPE,178,,,,user_provided,,"User-provided S&P 500 start list recorded on 2026-06-03; unverified public/pilot anchor, not final Bloomberg membership."
sp500,2018-01-02,EXR,EXR,179,,,,user_provided,,"User-provided S&P 500 start list recorded on 2026-06-03; unverified public/pilot anchor, not final Bloomberg membership."
sp500,2018-01-02,F,F,180,,,,user_provided,,"User-provided S&P 500 start list recorded on 2026-06-03; unverified public/pilot anchor, not final Bloomberg membership."
sp500,2018-01-02,FAST,FAST,181,,,,user_provided,,"User-provided S&P 500 start list recorded on 2026-06-03; unverified public/pilot anchor, not final Bloomberg membership."
sp500,2018-01-02,FB,FB,182,,,,user_provided,,"User-provided S&P 500 start list recorded on 2026-06-03; unverified public/pilot anchor, not final Bloomberg membership."
sp500,2018-01-02,FBHS,FBHS,183,,,,user_provided,,"User-provided S&P 500 start list recorded on 2026-06-03; unverified public/pilot anchor, not final Bloomberg membership."
sp500,2018-01-02,FCX,FCX,184,,,,user_provided,,"User-provided S&P 500 start list recorded on 2026-06-03; unverified public/pilot anchor, not final Bloomberg membership."
sp500,2018-01-02,FDX,FDX,185,,,,user_provided,,"User-provided S&P 500 start list recorded on 2026-06-03; unverified public/pilot anchor, not final Bloomberg membership."
sp500,2018-01-02,FE,FE,186,,,,user_provided,,"User-provided S&P 500 start list recorded on 2026-06-03; unverified public/pilot anchor, not final Bloomberg membership."
sp500,2018-01-02,FFIV,FFIV,187,,,,user_provided,,"User-provided S&P 500 start list recorded on 2026-06-03; unverified public/pilot anchor, not final Bloomberg membership."
sp500,2018-01-02,FIS,FIS,188,,,,user_provided,,"User-provided S&P 500 start list recorded on 2026-06-03; unverified public/pilot anchor, not final Bloomberg membership."
sp500,2018-01-02,FISV,FISV,189,,,,user_provided,,"User-provided S&P 500 start list recorded on 2026-06-03; unverified public/pilot anchor, not final Bloomberg membership."
sp500,2018-01-02,FITB,FITB,190,,,,user_provided,,"User-provided S&P 500 start list recorded on 2026-06-03; unverified public/pilot anchor, not final Bloomberg membership."
sp500,2018-01-02,FL,FL,191,,,,user_provided,,"User-provided S&P 500 start list recorded on 2026-06-03; unverified public/pilot anchor, not final Bloomberg membership."
sp500,2018-01-02,FLIR,FLIR,192,,,,user_provided,,"User-provided S&P 500 start list recorded on 2026-06-03; unverified public/pilot anchor, not final Bloomberg membership."
sp500,2018-01-02,FLR,FLR,193,,,,user_provided,,"User-provided S&P 500 start list recorded on 2026-06-03; unverified public/pilot anchor, not final Bloomberg membership."
sp500,2018-01-02,FLS,FLS,194,,,,user_provided,,"User-provided S&P 500 start list recorded on 2026-06-03; unverified public/pilot anchor, not final Bloomberg membership."
sp500,2018-01-02,FMC,FMC,195,,,,user_provided,,"User-provided S&P 500 start list recorded on 2026-06-03; unverified public/pilot anchor, not final Bloomberg membership."
sp500,2018-01-02,FOX,FOX,196,,,,user_provided,,"User-provided S&P 500 start list recorded on 2026-06-03; unverified public/pilot anchor, not final Bloomberg membership."
sp500,2018-01-02,FOXA,FOXA,197,,,,user_provided,,"User-provided S&P 500 start list recorded on 2026-06-03; unverified public/pilot anchor, not final Bloomberg membership."
sp500,2018-01-02,FRT,FRT,198,,,,user_provided,,"User-provided S&P 500 start list recorded on 2026-06-03; unverified public/pilot anchor, not final Bloomberg membership."
sp500,2018-01-02,FTI,FTI,199,,,,user_provided,,"User-provided S&P 500 start list recorded on 2026-06-03; unverified public/pilot anchor, not final Bloomberg membership."
sp500,2018-01-02,FTV,FTV,200,,,,user_provided,,"User-provided S&P 500 start list recorded on 2026-06-03; unverified public/pilot anchor, not final Bloomberg membership."
sp500,2018-01-02,GD,GD,201,,,,user_provided,,"User-provided S&P 500 start list recorded on 2026-06-03; unverified public/pilot anchor, not final Bloomberg membership."
sp500,2018-01-02,GE,GE,202,,,,user_provided,,"User-provided S&P 500 start list recorded on 2026-06-03; unverified public/pilot anchor, not final Bloomberg membership."
sp500,2018-01-02,GGP,GGP,203,,,,user_provided,,"User-provided S&P 500 start list recorded on 2026-06-03; unverified public/pilot anchor, not final Bloomberg membership."
sp500,2018-01-02,GILD,GILD,204,,,,user_provided,,"User-provided S&P 500 start list recorded on 2026-06-03; unverified public/pilot anchor, not final Bloomberg membership."
sp500,2018-01-02,GIS,GIS,205,,,,user_provided,,"User-provided S&P 500 start list recorded on 2026-06-03; unverified public/pilot anchor, not final Bloomberg membership."
sp500,2018-01-02,GLW,GLW,206,,,,user_provided,,"User-provided S&P 500 start list recorded on 2026-06-03; unverified public/pilot anchor, not final Bloomberg membership."
sp500,2018-01-02,GM,GM,207,,,,user_provided,,"User-provided S&P 500 start list recorded on 2026-06-03; unverified public/pilot anchor, not final Bloomberg membership."
sp500,2018-01-02,GOOG,GOOG,208,,,,user_provided,,"User-provided S&P 500 start list recorded on 2026-06-03; unverified public/pilot anchor, not final Bloomberg membership."
sp500,2018-01-02,GOOG L,GOOGL,209,,,,user_provided,,"User-provided S&P 500 start list recorded on 2026-06-03; unverified public/pilot anchor, not final Bloomberg membership."
sp500,2018-01-02,GPC,GPC,210,,,,user_provided,,"User-provided S&P 500 start list recorded on 2026-06-03; unverified public/pilot anchor, not final Bloomberg membership."
sp500,2018-01-02,GPN,GPN,211,,,,user_provided,,"User-provided S&P 500 start list recorded on 2026-06-03; unverified public/pilot anchor, not final Bloomberg membership."
sp500,2018-01-02,GPS,GPS,212,,,,user_provided,,"User-provided S&P 500 start list recorded on 2026-06-03; unverified public/pilot anchor, not final Bloomberg membership."
sp500,2018-01-02,GRMN,GRMN,213,,,,user_provided,,"User-provided S&P 500 start list recorded on 2026-06-03; unverified public/pilot anchor, not final Bloomberg membership."
sp500,2018-01-02,GS,GS,214,,,,user_provided,,"User-provided S&P 500 start list recorded on 2026-06-03; unverified public/pilot anchor, not final Bloomberg membership."
sp500,2018-01-02,GT,GT,215,,,,user_provided,,"User-provided S&P 500 start list recorded on 2026-06-03; unverified public/pilot anchor, not final Bloomberg membership."
sp500,2018-01-02,GWW,GWW,216,,,,user_provided,,"User-provided S&P 500 start list recorded on 2026-06-03; unverified public/pilot anchor, not final Bloomberg membership."
sp500,2018-01-02,HAL,HAL,217,,,,user_provided,,"User-provided S&P 500 start list recorded on 2026-06-03; unverified public/pilot anchor, not final Bloomberg membership."
sp500,2018-01-02,HAS,HAS,218,,,,user_provided,,"User-provided S&P 500 start list recorded on 2026-06-03; unverified public/pilot anchor, not final Bloomberg membership."
sp500,2018-01-02,HBAN,HBAN,219,,,,user_provided,,"User-provided S&P 500 start list recorded on 2026-06-03; unverified public/pilot anchor, not final Bloomberg membership."
sp500,2018-01-02,HBI,HBI,220,,,,user_provided,,"User-provided S&P 500 start list recorded on 2026-06-03; unverified public/pilot anchor, not final Bloomberg membership."
sp500,2018-01-02,HCA,HCA,221,,,,user_provided,,"User-provided S&P 500 start list recorded on 2026-06-03; unverified public/pilot anchor, not final Bloomberg membership."
sp500,2018-01-02,HCN,WELL,482,,,,user_provided,,"User-provided S&P 500 start list recorded on 2026-06-03; unverified public/pilot anchor, not final Bloomberg membership. Historical TAQ symbol correction for 2018-01-02: WELL -> HCN."
sp500,2018-01-02,HCP,HCP,222,,,,user_provided,,"User-provided S&P 500 start list recorded on 2026-06-03; unverified public/pilot anchor, not final Bloomberg membership."
sp500,2018-01-02,HD,HD,223,,,,user_provided,,"User-provided S&P 500 start list recorded on 2026-06-03; unverified public/pilot anchor, not final Bloomberg membership."
sp500,2018-01-02,HES,HES,224,,,,user_provided,,"User-provided S&P 500 start list recorded on 2026-06-03; unverified public/pilot anchor, not final Bloomberg membership."
sp500,2018-01-02,HIG,HIG,225,,,,user_provided,,"User-provided S&P 500 start list recorded on 2026-06-03; unverified public/pilot anchor, not final Bloomberg membership."
sp500,2018-01-02,HLT,HLT,226,,,,user_provided,,"User-provided S&P 500 start list recorded on 2026-06-03; unverified public/pilot anchor, not final Bloomberg membership."
sp500,2018-01-02,HOG,HOG,227,,,,user_provided,,"User-provided S&P 500 start list recorded on 2026-06-03; unverified public/pilot anchor, not final Bloomberg membership."
sp500,2018-01-02,HOLX,HOLX,228,,,,user_provided,,"User-provided S&P 500 start list recorded on 2026-06-03; unverified public/pilot anchor, not final Bloomberg membership."
sp500,2018-01-02,HON,HON,229,,,,user_provided,,"User-provided S&P 500 start list recorded on 2026-06-03; unverified public/pilot anchor, not final Bloomberg membership."
sp500,2018-01-02,HP,HP,230,,,,user_provided,,"User-provided S&P 500 start list recorded on 2026-06-03; unverified public/pilot anchor, not final Bloomberg membership."
sp500,2018-01-02,HPE,HPE,231,,,,user_provided,,"User-provided S&P 500 start list recorded on 2026-06-03; unverified public/pilot anchor, not final Bloomberg membership."
sp500,2018-01-02,HPQ,HPQ,232,,,,user_provided,,"User-provided S&P 500 start list recorded on 2026-06-03; unverified public/pilot anchor, not final Bloomberg membership."
sp500,2018-01-02,HRB,HRB,233,,,,user_provided,,"User-provided S&P 500 start list recorded on 2026-06-03; unverified public/pilot anchor, not final Bloomberg membership."
sp500,2018-01-02,HRL,HRL,234,,,,user_provided,,"User-provided S&P 500 start list recorded on 2026-06-03; unverified public/pilot anchor, not final Bloomberg membership."
sp500,2018-01-02,HRS,HRS,235,,,,user_provided,,"User-provided S&P 500 start list recorded on 2026-06-03; unverified public/pilot anchor, not final Bloomberg membership."
sp500,2018-01-02,HSIC,HSIC,236,,,,user_provided,,"User-provided S&P 500 start list recorded on 2026-06-03; unverified public/pilot anchor, not final Bloomberg membership."
sp500,2018-01-02,HST,HST,237,,,,user_provided,,"User-provided S&P 500 start list recorded on 2026-06-03; unverified public/pilot anchor, not final Bloomberg membership."
sp500,2018-01-02,HSY,HSY,238,,,,user_provided,,"User-provided S&P 500 start list recorded on 2026-06-03; unverified public/pilot anchor, not final Bloomberg membership."
sp500,2018-01-02,HUM,HUM,239,,,,user_provided,,"User-provided S&P 500 start list recorded on 2026-06-03; unverified public/pilot anchor, not final Bloomberg membership."
sp500,2018-01-02,IBM,IBM,240,,,,user_provided,,"User-provided S&P 500 start list recorded on 2026-06-03; unverified public/pilot anchor, not final Bloomberg membership."
sp500,2018-01-02,ICE,ICE,241,,,,user_provided,,"User-provided S&P 500 start list recorded on 2026-06-03; unverified public/pilot anchor, not final Bloomberg membership."
sp500,2018-01-02,IDXX,IDXX,242,,,,user_provided,,"User-provided S&P 500 start list recorded on 2026-06-03; unverified public/pilot anchor, not final Bloomberg membership."
sp500,2018-01-02,IFF,IFF,243,,,,user_provided,,"User-provided S&P 500 start list recorded on 2026-06-03; unverified public/pilot anchor, not final Bloomberg membership."
sp500,2018-01-02,ILMN,ILMN,244,,,,user_provided,,"User-provided S&P 500 start list recorded on 2026-06-03; unverified public/pilot anchor, not final Bloomberg membership."
sp500,2018-01-02,INCY,INCY,245,,,,user_provided,,"User-provided S&P 500 start list recorded on 2026-06-03; unverified public/pilot anchor, not final Bloomberg membership."
sp500,2018-01-02,INFO,INFO,246,,,,user_provided,,"User-provided S&P 500 start list recorded on 2026-06-03; unverified public/pilot anchor, not final Bloomberg membership."
sp500,2018-01-02,INTC,INTC,247,,,,user_provided,,"User-provided S&P 500 start list recorded on 2026-06-03; unverified public/pilot anchor, not final Bloomberg membership."
sp500,2018-01-02,INTU,INTU,248,,,,user_provided,,"User-provided S&P 500 start list recorded on 2026-06-03; unverified public/pilot anchor, not final Bloomberg membership."
sp500,2018-01-02,IP,IP,249,,,,user_provided,,"User-provided S&P 500 start list recorded on 2026-06-03; unverified public/pilot anchor, not final Bloomberg membership."
sp500,2018-01-02,IPG,IPG,250,,,,user_provided,,"User-provided S&P 500 start list recorded on 2026-06-03; unverified public/pilot anchor, not final Bloomberg membership."
sp500,2018-01-02,IQV,IQV,251,,,,user_provided,,"User-provided S&P 500 start list recorded on 2026-06-03; unverified public/pilot anchor, not final Bloomberg membership."
sp500,2018-01-02,IR,IR,252,,,,user_provided,,"User-provided S&P 500 start list recorded on 2026-06-03; unverified public/pilot anchor, not final Bloomberg membership."
sp500,2018-01-02,IRM,IRM,253,,,,user_provided,,"User-provided S&P 500 start list recorded on 2026-06-03; unverified public/pilot anchor, not final Bloomberg membership."
sp500,2018-01-02,ISRG,ISRG,254,,,,user_provided,,"User-provided S&P 500 start list recorded on 2026-06-03; unverified public/pilot anchor, not final Bloomberg membership."
sp500,2018-01-02,IT,IT,255,,,,user_provided,,"User-provided S&P 500 start list recorded on 2026-06-03; unverified public/pilot anchor, not final Bloomberg membership."
sp500,2018-01-02,ITW,ITW,256,,,,user_provided,,"User-provided S&P 500 start list recorded on 2026-06-03; unverified public/pilot anchor, not final Bloomberg membership."
sp500,2018-01-02,IVZ,IVZ,257,,,,user_provided,,"User-provided S&P 500 start list recorded on 2026-06-03; unverified public/pilot anchor, not final Bloomberg membership."
sp500,2018-01-02,JBHT,JBHT,258,,,,user_provided,,"User-provided S&P 500 start list recorded on 2026-06-03; unverified public/pilot anchor, not final Bloomberg membership."
sp500,2018-01-02,JCI,JCI,259,,,,user_provided,,"User-provided S&P 500 start list recorded on 2026-06-03; unverified public/pilot anchor, not final Bloomberg membership."
sp500,2018-01-02,JEC,JEC,260,,,,user_provided,,"User-provided S&P 500 start list recorded on 2026-06-03; unverified public/pilot anchor, not final Bloomberg membership."
sp500,2018-01-02,JNJ,JNJ,262,,,,user_provided,,"User-provided S&P 500 start list recorded on 2026-06-03; unverified public/pilot anchor, not final Bloomberg membership."
sp500,2018-01-02,JNPR,JNPR,263,,,,user_provided,,"User-provided S&P 500 start list recorded on 2026-06-03; unverified public/pilot anchor, not final Bloomberg membership."
sp500,2018-01-02,JPM,JPM,264,,,,user_provided,,"User-provided S&P 500 start list recorded on 2026-06-03; unverified public/pilot anchor, not final Bloomberg membership."
sp500,2018-01-02,JWN,JWN,265,,,,user_provided,,"User-provided S&P 500 start list recorded on 2026-06-03; unverified public/pilot anchor, not final Bloomberg membership."
sp500,2018-01-02,K,K,266,,,,user_provided,,"User-provided S&P 500 start list recorded on 2026-06-03; unverified public/pilot anchor, not final Bloomberg membership."
sp500,2018-01-02,KEY,KEY,268,,,,user_provided,,"User-provided S&P 500 start list recorded on 2026-06-03; unverified public/pilot anchor, not final Bloomberg membership."
sp500,2018-01-02,KHC,KHC,269,,,,user_provided,,"User-provided S&P 500 start list recorded on 2026-06-03; unverified public/pilot anchor, not final Bloomberg membership."
sp500,2018-01-02,KIM,KIM,270,,,,user_provided,,"User-provided S&P 500 start list recorded on 2026-06-03; unverified public/pilot anchor, not final Bloomberg membership."
sp500,2018-01-02,KLAC,KLAC,271,,,,user_provided,,"User-provided S&P 500 start list recorded on 2026-06-03; unverified public/pilot anchor, not final Bloomberg membership."
sp500,2018-01-02,KMB,KMB,272,,,,user_provided,,"User-provided S&P 500 start list recorded on 2026-06-03; unverified public/pilot anchor, not final Bloomberg membership."
sp500,2018-01-02,KMI,KMI,273,,,,user_provided,,"User-provided S&P 500 start list recorded on 2026-06-03; unverified public/pilot anchor, not final Bloomberg membership."
sp500,2018-01-02,KMX,KMX,274,,,,user_provided,,"User-provided S&P 500 start list recorded on 2026-06-03; unverified public/pilot anchor, not final Bloomberg membership."
sp500,2018-01-02,KO,KO,275,,,,user_provided,,"User-provided S&P 500 start list recorded on 2026-06-03; unverified public/pilot anchor, not final Bloomberg membership."
sp500,2018-01-02,KORS,CPRI,120,,,,user_provided,,"User-provided S&P 500 start list recorded on 2026-06-03; unverified public/pilot anchor, not final Bloomberg membership. Historical TAQ symbol correction for 2018-01-02: CPRI -> KORS."
sp500,2018-01-02,KORS,KORS,276,,,,user_provided,,"User-provided S&P 500 start list recorded on 2026-06-03; unverified public/pilot anchor, not final Bloomberg membership."
sp500,2018-01-02,KR,KR,277,,,,user_provided,,"User-provided S&P 500 start list recorded on 2026-06-03; unverified public/pilot anchor, not final Bloomberg membership."
sp500,2018-01-02,KSS,KSS,278,,,,user_provided,,"User-provided S&P 500 start list recorded on 2026-06-03; unverified public/pilot anchor, not final Bloomberg membership."
sp500,2018-01-02,KSU,KSU,279,,,,user_provided,,"User-provided S&P 500 start list recorded on 2026-06-03; unverified public/pilot anchor, not final Bloomberg membership."
sp500,2018-01-02,L,L,280,,,,user_provided,,"User-provided S&P 500 start list recorded on 2026-06-03; unverified public/pilot anchor, not final Bloomberg membership."
sp500,2018-01-02,LB,LB,281,,,,user_provided,,"User-provided S&P 500 start list recorded on 2026-06-03; unverified public/pilot anchor, not final Bloomberg membership."
sp500,2018-01-02,LEG,LEG,282,,,,user_provided,,"User-provided S&P 500 start list recorded on 2026-06-03; unverified public/pilot anchor, not final Bloomberg membership."
sp500,2018-01-02,LEN,LEN,283,,,,user_provided,,"User-provided S&P 500 start list recorded on 2026-06-03; unverified public/pilot anchor, not final Bloomberg membership."
sp500,2018-01-02,LH,LH,284,,,,user_provided,,"User-provided S&P 500 start list recorded on 2026-06-03; unverified public/pilot anchor, not final Bloomberg membership."
sp500,2018-01-02,LKQ,LKQ,285,,,,user_provided,,"User-provided S&P 500 start list recorded on 2026-06-03; unverified public/pilot anchor, not final Bloomberg membership."
sp500,2018-01-02,LLL,LLL,286,,,,user_provided,,"User-provided S&P 500 start list recorded on 2026-06-03; unverified public/pilot anchor, not final Bloomberg membership."
sp500,2018-01-02,LLY,LLY,287,,,,user_provided,,"User-provided S&P 500 start list recorded on 2026-06-03; unverified public/pilot anchor, not final Bloomberg membership."
sp500,2018-01-02,LMT,LMT,288,,,,user_provided,,"User-provided S&P 500 start list recorded on 2026-06-03; unverified public/pilot anchor, not final Bloomberg membership."
sp500,2018-01-02,LNC,LNC,289,,,,user_provided,,"User-provided S&P 500 start list recorded on 2026-06-03; unverified public/pilot anchor, not final Bloomberg membership."
sp500,2018-01-02,LNT,LNT,290,,,,user_provided,,"User-provided S&P 500 start list recorded on 2026-06-03; unverified public/pilot anchor, not final Bloomberg membership."
sp500,2018-01-02,LOW,LOW,291,,,,user_provided,,"User-provided S&P 500 start list recorded on 2026-06-03; unverified public/pilot anchor, not final Bloomberg membership."
sp500,2018-01-02,LRCX,LRCX,292,,,,user_provided,,"User-provided S&P 500 start list recorded on 2026-06-03; unverified public/pilot anchor, not final Bloomberg membership."
sp500,2018-01-02,LUK,JEF,261,,,,user_provided,,"User-provided S&P 500 start list recorded on 2026-06-03; unverified public/pilot anchor, not final Bloomberg membership. Historical TAQ symbol correction for 2018-01-02: JEF -> LUK."
sp500,2018-01-02,LUV,LUV,293,,,,user_provided,,"User-provided S&P 500 start list recorded on 2026-06-03; unverified public/pilot anchor, not final Bloomberg membership."
sp500,2018-01-02,LYB,LYB,294,,,,user_provided,,"User-provided S&P 500 start list recorded on 2026-06-03; unverified public/pilot anchor, not final Bloomberg membership."
sp500,2018-01-02,M,M,295,,,,user_provided,,"User-provided S&P 500 start list recorded on 2026-06-03; unverified public/pilot anchor, not final Bloomberg membership."
sp500,2018-01-02,MA,MA,296,,,,user_provided,,"User-provided S&P 500 start list recorded on 2026-06-03; unverified public/pilot anchor, not final Bloomberg membership."
sp500,2018-01-02,MAA,MAA,297,,,,user_provided,,"User-provided S&P 500 start list recorded on 2026-06-03; unverified public/pilot anchor, not final Bloomberg membership."
sp500,2018-01-02,MAC,MAC,298,,,,user_provided,,"User-provided S&P 500 start list recorded on 2026-06-03; unverified public/pilot anchor, not final Bloomberg membership."
sp500,2018-01-02,MAR,MAR,299,,,,user_provided,,"User-provided S&P 500 start list recorded on 2026-06-03; unverified public/pilot anchor, not final Bloomberg membership."
sp500,2018-01-02,MAS,MAS,300,,,,user_provided,,"User-provided S&P 500 start list recorded on 2026-06-03; unverified public/pilot anchor, not final Bloomberg membership."
sp500,2018-01-02,MAT,MAT,301,,,,user_provided,,"User-provided S&P 500 start list recorded on 2026-06-03; unverified public/pilot anchor, not final Bloomberg membership."
sp500,2018-01-02,MCD,MCD,302,,,,user_provided,,"User-provided S&P 500 start list recorded on 2026-06-03; unverified public/pilot anchor, not final Bloomberg membership."
sp500,2018-01-02,MCHP,MCHP,303,,,,user_provided,,"User-provided S&P 500 start list recorded on 2026-06-03; unverified public/pilot anchor, not final Bloomberg membership."
sp500,2018-01-02,MCK,MCK,304,,,,user_provided,,"User-provided S&P 500 start list recorded on 2026-06-03; unverified public/pilot anchor, not final Bloomberg membership."
sp500,2018-01-02,MCO,MCO,305,,,,user_provided,,"User-provided S&P 500 start list recorded on 2026-06-03; unverified public/pilot anchor, not final Bloomberg membership."
sp500,2018-01-02,MDLZ,MDLZ,306,,,,user_provided,,"User-provided S&P 500 start list recorded on 2026-06-03; unverified public/pilot anchor, not final Bloomberg membership."
sp500,2018-01-02,MDT,MDT,307,,,,user_provided,,"User-provided S&P 500 start list recorded on 2026-06-03; unverified public/pilot anchor, not final Bloomberg membership."
sp500,2018-01-02,MET,MET,308,,,,user_provided,,"User-provided S&P 500 start list recorded on 2026-06-03; unverified public/pilot anchor, not final Bloomberg membership."
sp500,2018-01-02,MGM,MGM,309,,,,user_provided,,"User-provided S&P 500 start list recorded on 2026-06-03; unverified public/pilot anchor, not final Bloomberg membership."
sp500,2018-01-02,MHK,MHK,310,,,,user_provided,,"User-provided S&P 500 start list recorded on 2026-06-03; unverified public/pilot anchor, not final Bloomberg membership."
sp500,2018-01-02,MKC,MKC,311,,,,user_provided,,"User-provided S&P 500 start list recorded on 2026-06-03; unverified public/pilot anchor, not final Bloomberg membership."
sp500,2018-01-02,MLM,MLM,312,,,,user_provided,,"User-provided S&P 500 start list recorded on 2026-06-03; unverified public/pilot anchor, not final Bloomberg membership."
sp500,2018-01-02,MMC,MMC,313,,,,user_provided,,"User-provided S&P 500 start list recorded on 2026-06-03; unverified public/pilot anchor, not final Bloomberg membership."
sp500,2018-01-02,MMM,MMM,314,,,,user_provided,,"User-provided S&P 500 start list recorded on 2026-06-03; unverified public/pilot anchor, not final Bloomberg membership."
sp500,2018-01-02,MNST,MNST,315,,,,user_provided,,"User-provided S&P 500 start list recorded on 2026-06-03; unverified public/pilot anchor, not final Bloomberg membership."
sp500,2018-01-02,MO,MO,316,,,,user_provided,,"User-provided S&P 500 start list recorded on 2026-06-03; unverified public/pilot anchor, not final Bloomberg membership."
sp500,2018-01-02,MON,MON,317,,,,user_provided,,"User-provided S&P 500 start list recorded on 2026-06-03; unverified public/pilot anchor, not final Bloomberg membership."
sp500,2018-01-02,MOS,MOS,318,,,,user_provided,,"User-provided S&P 500 start list recorded on 2026-06-03; unverified public/pilot anchor, not final Bloomberg membership."
sp500,2018-01-02,MPC,MPC,319,,,,user_provided,,"User-provided S&P 500 start list recorded on 2026-06-03; unverified public/pilot anchor, not final Bloomberg membership."
sp500,2018-01-02,MRK,MRK,320,,,,user_provided,,"User-provided S&P 500 start list recorded on 2026-06-03; unverified public/pilot anchor, not final Bloomberg membership."
sp500,2018-01-02,MRO,MRO,321,,,,user_provided,,"User-provided S&P 500 start list recorded on 2026-06-03; unverified public/pilot anchor, not final Bloomberg membership."
sp500,2018-01-02,MS,MS,322,,,,user_provided,,"User-provided S&P 500 start list recorded on 2026-06-03; unverified public/pilot anchor, not final Bloomberg membership."
sp500,2018-01-02,MSFT,MSFT,323,,,,user_provided,,"User-provided S&P 500 start list recorded on 2026-06-03; unverified public/pilot anchor, not final Bloomberg membership."
sp500,2018-01-02,MSI,MSI,324,,,,user_provided,,"User-provided S&P 500 start list recorded on 2026-06-03; unverified public/pilot anchor, not final Bloomberg membership."
sp500,2018-01-02,MTB,MTB,325,,,,user_provided,,"User-provided S&P 500 start list recorded on 2026-06-03; unverified public/pilot anchor, not final Bloomberg membership."
sp500,2018-01-02,MTD,MTD,326,,,,user_provided,,"User-provided S&P 500 start list recorded on 2026-06-03; unverified public/pilot anchor, not final Bloomberg membership."
sp500,2018-01-02,MU,MU,327,,,,user_provided,,"User-provided S&P 500 start list recorded on 2026-06-03; unverified public/pilot anchor, not final Bloomberg membership."
sp500,2018-01-02,MYL,MYL,328,,,,user_provided,,"User-provided S&P 500 start list recorded on 2026-06-03; unverified public/pilot anchor, not final Bloomberg membership."
sp500,2018-01-02,NAVI,NAVI,329,,,,user_provided,,"User-provided S&P 500 start list recorded on 2026-06-03; unverified public/pilot anchor, not final Bloomberg membership."
sp500,2018-01-02,NBL,NBL,330,,,,user_provided,,"User-provided S&P 500 start list recorded on 2026-06-03; unverified public/pilot anchor, not final Bloomberg membership."
sp500,2018-01-02,NCLH,NCLH,331,,,,user_provided,,"User-provided S&P 500 start list recorded on 2026-06-03; unverified public/pilot anchor, not final Bloomberg membership."
sp500,2018-01-02,NDAQ,NDAQ,332,,,,user_provided,,"User-provided S&P 500 start list recorded on 2026-06-03; unverified public/pilot anchor, not final Bloomberg membership."
sp500,2018-01-02,NEE,NEE,333,,,,user_provided,,"User-provided S&P 500 start list recorded on 2026-06-03; unverified public/pilot anchor, not final Bloomberg membership."
sp500,2018-01-02,NEM,NEM,334,,,,user_provided,,"User-provided S&P 500 start list recorded on 2026-06-03; unverified public/pilot anchor, not final Bloomberg membership."
sp500,2018-01-02,NFLX,NFLX,335,,,,user_provided,,"User-provided S&P 500 start list recorded on 2026-06-03; unverified public/pilot anchor, not final Bloomberg membership."
sp500,2018-01-02,NFX,NFX,336,,,,user_provided,,"User-provided S&P 500 start list recorded on 2026-06-03; unverified public/pilot anchor, not final Bloomberg membership."
sp500,2018-01-02,NI,NI,337,,,,user_provided,,"User-provided S&P 500 start list recorded on 2026-06-03; unverified public/pilot anchor, not final Bloomberg membership."
sp500,2018-01-02,NKE,NKE,338,,,,user_provided,,"User-provided S&P 500 start list recorded on 2026-06-03; unverified public/pilot anchor, not final Bloomberg membership."
sp500,2018-01-02,NLSN,NLSN,339,,,,user_provided,,"User-provided S&P 500 start list recorded on 2026-06-03; unverified public/pilot anchor, not final Bloomberg membership."
sp500,2018-01-02,NOC,NOC,340,,,,user_provided,,"User-provided S&P 500 start list recorded on 2026-06-03; unverified public/pilot anchor, not final Bloomberg membership."
sp500,2018-01-02,NOV,NOV,341,,,,user_provided,,"User-provided S&P 500 start list recorded on 2026-06-03; unverified public/pilot anchor, not final Bloomberg membership."
sp500,2018-01-02,NRG,NRG,342,,,,user_provided,,"User-provided S&P 500 start list recorded on 2026-06-03; unverified public/pilot anchor, not final Bloomberg membership."
sp500,2018-01-02,NSC,NSC,343,,,,user_provided,,"User-provided S&P 500 start list recorded on 2026-06-03; unverified public/pilot anchor, not final Bloomberg membership."
sp500,2018-01-02,NTAP,NTAP,344,,,,user_provided,,"User-provided S&P 500 start list recorded on 2026-06-03; unverified public/pilot anchor, not final Bloomberg membership."
sp500,2018-01-02,NTRS,NTRS,345,,,,user_provided,,"User-provided S&P 500 start list recorded on 2026-06-03; unverified public/pilot anchor, not final Bloomberg membership."
sp500,2018-01-02,NUE,NUE,346,,,,user_provided,,"User-provided S&P 500 start list recorded on 2026-06-03; unverified public/pilot anchor, not final Bloomberg membership."
sp500,2018-01-02,NVDA,NVDA,347,,,,user_provided,,"User-provided S&P 500 start list recorded on 2026-06-03; unverified public/pilot anchor, not final Bloomberg membership."
sp500,2018-01-02,NWL,NWL,348,,,,user_provided,,"User-provided S&P 500 start list recorded on 2026-06-03; unverified public/pilot anchor, not final Bloomberg membership."
sp500,2018-01-02,NWS,NWS,349,,,,user_provided,,"User-provided S&P 500 start list recorded on 2026-06-03; unverified public/pilot anchor, not final Bloomberg membership."
sp500,2018-01-02,NWSA,NWSA,350,,,,user_provided,,"User-provided S&P 500 start list recorded on 2026-06-03; unverified public/pilot anchor, not final Bloomberg membership."
sp500,2018-01-02,O,O,351,,,,user_provided,,"User-provided S&P 500 start list recorded on 2026-06-03; unverified public/pilot anchor, not final Bloomberg membership."
sp500,2018-01-02,OKE,OKE,352,,,,user_provided,,"User-provided S&P 500 start list recorded on 2026-06-03; unverified public/pilot anchor, not final Bloomberg membership."
sp500,2018-01-02,OMC,OMC,353,,,,user_provided,,"User-provided S&P 500 start list recorded on 2026-06-03; unverified public/pilot anchor, not final Bloomberg membership."
sp500,2018-01-02,ORCL,ORCL,354,,,,user_provided,,"User-provided S&P 500 start list recorded on 2026-06-03; unverified public/pilot anchor, not final Bloomberg membership."
sp500,2018-01-02,ORLY,ORLY,355,,,,user_provided,,"User-provided S&P 500 start list recorded on 2026-06-03; unverified public/pilot anchor, not final Bloomberg membership."
sp500,2018-01-02,OXY,OXY,356,,,,user_provided,,"User-provided S&P 500 start list recorded on 2026-06-03; unverified public/pilot anchor, not final Bloomberg membership."
sp500,2018-01-02,PAYX,PAYX,357,,,,user_provided,,"User-provided S&P 500 start list recorded on 2026-06-03; unverified public/pilot anchor, not final Bloomberg membership."
sp500,2018-01-02,PBCT,PBCT,358,,,,user_provided,,"User-provided S&P 500 start list recorded on 2026-06-03; unverified public/pilot anchor, not final Bloomberg membership."
sp500,2018-01-02,PCAR,PCAR,359,,,,user_provided,,"User-provided S&P 500 start list recorded on 2026-06-03; unverified public/pilot anchor, not final Bloomberg membership."
sp500,2018-01-02,PCG,PCG,360,,,,user_provided,,"User-provided S&P 500 start list recorded on 2026-06-03; unverified public/pilot anchor, not final Bloomberg membership."
sp500,2018-01-02,PCLN,BKNG,72,,,,user_provided,,"User-provided S&P 500 start list recorded on 2026-06-03; unverified public/pilot anchor, not final Bloomberg membership. Historical TAQ symbol correction for 2018-01-02: BKNG -> PCLN."
sp500,2018-01-02,PDCO,PDCO,361,,,,user_provided,,"User-provided S&P 500 start list recorded on 2026-06-03; unverified public/pilot anchor, not final Bloomberg membership."
sp500,2018-01-02,PEG,PEG,362,,,,user_provided,,"User-provided S&P 500 start list recorded on 2026-06-03; unverified public/pilot anchor, not final Bloomberg membership."
sp500,2018-01-02,PEP,PEP,363,,,,user_provided,,"User-provided S&P 500 start list recorded on 2026-06-03; unverified public/pilot anchor, not final Bloomberg membership."
sp500,2018-01-02,PFE,PFE,364,,,,user_provided,,"User-provided S&P 500 start list recorded on 2026-06-03; unverified public/pilot anchor, not final Bloomberg membership."
sp500,2018-01-02,PFG,PFG,365,,,,user_provided,,"User-provided S&P 500 start list recorded on 2026-06-03; unverified public/pilot anchor, not final Bloomberg membership."
sp500,2018-01-02,PG,PG,366,,,,user_provided,,"User-provided S&P 500 start list recorded on 2026-06-03; unverified public/pilot anchor, not final Bloomberg membership."
sp500,2018-01-02,PGR,PGR,367,,,,user_provided,,"User-provided S&P 500 start list recorded on 2026-06-03; unverified public/pilot anchor, not final Bloomberg membership."
sp500,2018-01-02,PH,PH,368,,,,user_provided,,"User-provided S&P 500 start list recorded on 2026-06-03; unverified public/pilot anchor, not final Bloomberg membership."
sp500,2018-01-02,PHM,PHM,369,,,,user_provided,,"User-provided S&P 500 start list recorded on 2026-06-03; unverified public/pilot anchor, not final Bloomberg membership."
sp500,2018-01-02,PKG,PKG,370,,,,user_provided,,"User-provided S&P 500 start list recorded on 2026-06-03; unverified public/pilot anchor, not final Bloomberg membership."
sp500,2018-01-02,PKI,PKI,371,,,,user_provided,,"User-provided S&P 500 start list recorded on 2026-06-03; unverified public/pilot anchor, not final Bloomberg membership."
sp500,2018-01-02,PLD,PLD,372,,,,user_provided,,"User-provided S&P 500 start list recorded on 2026-06-03; unverified public/pilot anchor, not final Bloomberg membership."
sp500,2018-01-02,PM,PM,373,,,,user_provided,,"User-provided S&P 500 start list recorded on 2026-06-03; unverified public/pilot anchor, not final Bloomberg membership."
sp500,2018-01-02,PNC,PNC,374,,,,user_provided,,"User-provided S&P 500 start list recorded on 2026-06-03; unverified public/pilot anchor, not final Bloomberg membership."
sp500,2018-01-02,PNR,PNR,375,,,,user_provided,,"User-provided S&P 500 start list recorded on 2026-06-03; unverified public/pilot anchor, not final Bloomberg membership."
sp500,2018-01-02,PNW,PNW,376,,,,user_provided,,"User-provided S&P 500 start list recorded on 2026-06-03; unverified public/pilot anchor, not final Bloomberg membership."
sp500,2018-01-02,PPG,PPG,377,,,,user_provided,,"User-provided S&P 500 start list recorded on 2026-06-03; unverified public/pilot anchor, not final Bloomberg membership."
sp500,2018-01-02,PPL,PPL,378,,,,user_provided,,"User-provided S&P 500 start list recorded on 2026-06-03; unverified public/pilot anchor, not final Bloomberg membership."
sp500,2018-01-02,PRGO,PRGO,379,,,,user_provided,,"User-provided S&P 500 start list recorded on 2026-06-03; unverified public/pilot anchor, not final Bloomberg membership."
sp500,2018-01-02,PRU,PRU,380,,,,user_provided,,"User-provided S&P 500 start list recorded on 2026-06-03; unverified public/pilot anchor, not final Bloomberg membership."
sp500,2018-01-02,PSA,PSA,381,,,,user_provided,,"User-provided S&P 500 start list recorded on 2026-06-03; unverified public/pilot anchor, not final Bloomberg membership."
sp500,2018-01-02,PSX,PSX,382,,,,user_provided,,"User-provided S&P 500 start list recorded on 2026-06-03; unverified public/pilot anchor, not final Bloomberg membership."
sp500,2018-01-02,PVH,PVH,383,,,,user_provided,,"User-provided S&P 500 start list recorded on 2026-06-03; unverified public/pilot anchor, not final Bloomberg membership."
sp500,2018-01-02,PWR,PWR,384,,,,user_provided,,"User-provided S&P 500 start list recorded on 2026-06-03; unverified public/pilot anchor, not final Bloomberg membership."
sp500,2018-01-02,PX,PX,385,,,,user_provided,,"User-provided S&P 500 start list recorded on 2026-06-03; unverified public/pilot anchor, not final Bloomberg membership."
sp500,2018-01-02,PXD,PXD,386,,,,user_provided,,"User-provided S&P 500 start list recorded on 2026-06-03; unverified public/pilot anchor, not final Bloomberg membership."
sp500,2018-01-02,PYPL,PYPL,387,,,,user_provided,,"User-provided S&P 500 start list recorded on 2026-06-03; unverified public/pilot anchor, not final Bloomberg membership."
sp500,2018-01-02,QCOM,QCOM,388,,,,user_provided,,"User-provided S&P 500 start list recorded on 2026-06-03; unverified public/pilot anchor, not final Bloomberg membership."
sp500,2018-01-02,QRVO,QRVO,389,,,,user_provided,,"User-provided S&P 500 start list recorded on 2026-06-03; unverified public/pilot anchor, not final Bloomberg membership."
sp500,2018-01-02,RCL,RCL,390,,,,user_provided,,"User-provided S&P 500 start list recorded on 2026-06-03; unverified public/pilot anchor, not final Bloomberg membership."
sp500,2018-01-02,RE,RE,391,,,,user_provided,,"User-provided S&P 500 start list recorded on 2026-06-03; unverified public/pilot anchor, not final Bloomberg membership."
sp500,2018-01-02,REG,REG,392,,,,user_provided,,"User-provided S&P 500 start list recorded on 2026-06-03; unverified public/pilot anchor, not final Bloomberg membership."
sp500,2018-01-02,REGN,REGN,393,,,,user_provided,,"User-provided S&P 500 start list recorded on 2026-06-03; unverified public/pilot anchor, not final Bloomberg membership."
sp500,2018-01-02,RF,RF,394,,,,user_provided,,"User-provided S&P 500 start list recorded on 2026-06-03; unverified public/pilot anchor, not final Bloomberg membership."
sp500,2018-01-02,RHI,RHI,395,,,,user_provided,,"User-provided S&P 500 start list recorded on 2026-06-03; unverified public/pilot anchor, not final Bloomberg membership."
sp500,2018-01-02,RHT,RHT,396,,,,user_provided,,"User-provided S&P 500 start list recorded on 2026-06-03; unverified public/pilot anchor, not final Bloomberg membership."
sp500,2018-01-02,RJF,RJF,397,,,,user_provided,,"User-provided S&P 500 start list recorded on 2026-06-03; unverified public/pilot anchor, not final Bloomberg membership."
sp500,2018-01-02,RL,RL,398,,,,user_provided,,"User-provided S&P 500 start list recorded on 2026-06-03; unverified public/pilot anchor, not final Bloomberg membership."
sp500,2018-01-02,RMD,RMD,399,,,,user_provided,,"User-provided S&P 500 start list recorded on 2026-06-03; unverified public/pilot anchor, not final Bloomberg membership."
sp500,2018-01-02,ROK,ROK,400,,,,user_provided,,"User-provided S&P 500 start list recorded on 2026-06-03; unverified public/pilot anchor, not final Bloomberg membership."
sp500,2018-01-02,ROP,ROP,401,,,,user_provided,,"User-provided S&P 500 start list recorded on 2026-06-03; unverified public/pilot anchor, not final Bloomberg membership."
sp500,2018-01-02,ROST,ROST,402,,,,user_provided,,"User-provided S&P 500 start list recorded on 2026-06-03; unverified public/pilot anchor, not final Bloomberg membership."
sp500,2018-01-02,RRC,RRC,403,,,,user_provided,,"User-provided S&P 500 start list recorded on 2026-06-03; unverified public/pilot anchor, not final Bloomberg membership."
sp500,2018-01-02,RSG,RSG,404,,,,user_provided,,"User-provided S&P 500 start list recorded on 2026-06-03; unverified public/pilot anchor, not final Bloomberg membership."
sp500,2018-01-02,RTN,RTN,405,,,,user_provided,,"User-provided S&P 500 start list recorded on 2026-06-03; unverified public/pilot anchor, not final Bloomberg membership."
sp500,2018-01-02,SBAC,SBAC,406,,,,user_provided,,"User-provided S&P 500 start list recorded on 2026-06-03; unverified public/pilot anchor, not final Bloomberg membership."
sp500,2018-01-02,SBUX,SBUX,407,,,,user_provided,,"User-provided S&P 500 start list recorded on 2026-06-03; unverified public/pilot anchor, not final Bloomberg membership."
sp500,2018-01-02,SCG,SCG,408,,,,user_provided,,"User-provided S&P 500 start list recorded on 2026-06-03; unverified public/pilot anchor, not final Bloomberg membership."
sp500,2018-01-02,SCHW,SCHW,409,,,,user_provided,,"User-provided S&P 500 start list recorded on 2026-06-03; unverified public/pilot anchor, not final Bloomberg membership."
sp500,2018-01-02,SEE,SEE,410,,,,user_provided,,"User-provided S&P 500 start list recorded on 2026-06-03; unverified public/pilot anchor, not final Bloomberg membership."
sp500,2018-01-02,SHW,SHW,411,,,,user_provided,,"User-provided S&P 500 start list recorded on 2026-06-03; unverified public/pilot anchor, not final Bloomberg membership."
sp500,2018-01-02,SIG,SIG,412,,,,user_provided,,"User-provided S&P 500 start list recorded on 2026-06-03; unverified public/pilot anchor, not final Bloomberg membership."
sp500,2018-01-02,SJM,SJM,413,,,,user_provided,,"User-provided S&P 500 start list recorded on 2026-06-03; unverified public/pilot anchor, not final Bloomberg membership."
sp500,2018-01-02,SLB,SLB,414,,,,user_provided,,"User-provided S&P 500 start list recorded on 2026-06-03; unverified public/pilot anchor, not final Bloomberg membership."
sp500,2018-01-02,SLG,SLG,415,,,,user_provided,,"User-provided S&P 500 start list recorded on 2026-06-03; unverified public/pilot anchor, not final Bloomberg membership."
sp500,2018-01-02,SNA,SNA,416,,,,user_provided,,"User-provided S&P 500 start list recorded on 2026-06-03; unverified public/pilot anchor, not final Bloomberg membership."
sp500,2018-01-02,SNI,SNI,417,,,,user_provided,,"User-provided S&P 500 start list recorded on 2026-06-03; unverified public/pilot anchor, not final Bloomberg membership."
sp500,2018-01-02,SNPS,SNPS,418,,,,user_provided,,"User-provided S&P 500 start list recorded on 2026-06-03; unverified public/pilot anchor, not final Bloomberg membership."
sp500,2018-01-02,SO,SO,419,,,,user_provided,,"User-provided S&P 500 start list recorded on 2026-06-03; unverified public/pilot anchor, not final Bloomberg membership."
sp500,2018-01-02,SPG,SPG,420,,,,user_provided,,"User-provided S&P 500 start list recorded on 2026-06-03; unverified public/pilot anchor, not final Bloomberg membership."
sp500,2018-01-02,SPGI,SPGI,421,,,,user_provided,,"User-provided S&P 500 start list recorded on 2026-06-03; unverified public/pilot anchor, not final Bloomberg membership."
sp500,2018-01-02,SRCL,SRCL,422,,,,user_provided,,"User-provided S&P 500 start list recorded on 2026-06-03; unverified public/pilot anchor, not final Bloomberg membership."
sp500,2018-01-02,SRE,SRE,423,,,,user_provided,,"User-provided S&P 500 start list recorded on 2026-06-03; unverified public/pilot anchor, not final Bloomberg membership."
sp500,2018-01-02,STI,STI,424,,,,user_provided,,"User-provided S&P 500 start list recorded on 2026-06-03; unverified public/pilot anchor, not final Bloomberg membership."
sp500,2018-01-02,STT,STT,425,,,,user_provided,,"User-provided S&P 500 start list recorded on 2026-06-03; unverified public/pilot anchor, not final Bloomberg membership."
sp500,2018-01-02,STX,STX,426,,,,user_provided,,"User-provided S&P 500 start list recorded on 2026-06-03; unverified public/pilot anchor, not final Bloomberg membership."
sp500,2018-01-02,STZ,STZ,427,,,,user_provided,,"User-provided S&P 500 start list recorded on 2026-06-03; unverified public/pilot anchor, not final Bloomberg membership."
sp500,2018-01-02,SWK,SWK,428,,,,user_provided,,"User-provided S&P 500 start list recorded on 2026-06-03; unverified public/pilot anchor, not final Bloomberg membership."
sp500,2018-01-02,SWKS,SWKS,429,,,,user_provided,,"User-provided S&P 500 start list recorded on 2026-06-03; unverified public/pilot anchor, not final Bloomberg membership."
sp500,2018-01-02,SYF,SYF,430,,,,user_provided,,"User-provided S&P 500 start list recorded on 2026-06-03; unverified public/pilot anchor, not final Bloomberg membership."
sp500,2018-01-02,SYK,SYK,431,,,,user_provided,,"User-provided S&P 500 start list recorded on 2026-06-03; unverified public/pilot anchor, not final Bloomberg membership."
sp500,2018-01-02,SYMC,SYMC,432,,,,user_provided,,"User-provided S&P 500 start list recorded on 2026-06-03; unverified public/pilot anchor, not final Bloomberg membership."
sp500,2018-01-02,SYY,SYY,433,,,,user_provided,,"User-provided S&P 500 start list recorded on 2026-06-03; unverified public/pilot anchor, not final Bloomberg membership."
sp500,2018-01-02,T,T,434,,,,user_provided,,"User-provided S&P 500 start list recorded on 2026-06-03; unverified public/pilot anchor, not final Bloomberg membership."
sp500,2018-01-02,TAP,TAP,435,,,,user_provided,,"User-provided S&P 500 start list recorded on 2026-06-03; unverified public/pilot anchor, not final Bloomberg membership."
sp500,2018-01-02,TDG,TDG,436,,,,user_provided,,"User-provided S&P 500 start list recorded on 2026-06-03; unverified public/pilot anchor, not final Bloomberg membership."
sp500,2018-01-02,TEL,TEL,437,,,,user_provided,,"User-provided S&P 500 start list recorded on 2026-06-03; unverified public/pilot anchor, not final Bloomberg membership."
sp500,2018-01-02,TGT,TGT,438,,,,user_provided,,"User-provided S&P 500 start list recorded on 2026-06-03; unverified public/pilot anchor, not final Bloomberg membership."
sp500,2018-01-02,TIF,TIF,439,,,,user_provided,,"User-provided S&P 500 start list recorded on 2026-06-03; unverified public/pilot anchor, not final Bloomberg membership."
sp500,2018-01-02,TJX,TJX,440,,,,user_provided,,"User-provided S&P 500 start list recorded on 2026-06-03; unverified public/pilot anchor, not final Bloomberg membership."
sp500,2018-01-02,TMK,TMK,441,,,,user_provided,,"User-provided S&P 500 start list recorded on 2026-06-03; unverified public/pilot anchor, not final Bloomberg membership."
sp500,2018-01-02,TMO,TMO,442,,,,user_provided,,"User-provided S&P 500 start list recorded on 2026-06-03; unverified public/pilot anchor, not final Bloomberg membership."
sp500,2018-01-02,TPR,TPR,443,,,,user_provided,,"User-provided S&P 500 start list recorded on 2026-06-03; unverified public/pilot anchor, not final Bloomberg membership."
sp500,2018-01-02,TRIP,TRIP,444,,,,user_provided,,"User-provided S&P 500 start list recorded on 2026-06-03; unverified public/pilot anchor, not final Bloomberg membership."
sp500,2018-01-02,TROW,TROW,445,,,,user_provided,,"User-provided S&P 500 start list recorded on 2026-06-03; unverified public/pilot anchor, not final Bloomberg membership."
sp500,2018-01-02,TRV,TRV,446,,,,user_provided,,"User-provided S&P 500 start list recorded on 2026-06-03; unverified public/pilot anchor, not final Bloomberg membership."
sp500,2018-01-02,TSCO,TSCO,447,,,,user_provided,,"User-provided S&P 500 start list recorded on 2026-06-03; unverified public/pilot anchor, not final Bloomberg membership."
sp500,2018-01-02,TSN,TSN,448,,,,user_provided,,"User-provided S&P 500 start list recorded on 2026-06-03; unverified public/pilot anchor, not final Bloomberg membership."
sp500,2018-01-02,TSS,TSS,449,,,,user_provided,,"User-provided S&P 500 start list recorded on 2026-06-03; unverified public/pilot anchor, not final Bloomberg membership."
sp500,2018-01-02,TWX,TWX,450,,,,user_provided,,"User-provided S&P 500 start list recorded on 2026-06-03; unverified public/pilot anchor, not final Bloomberg membership."
sp500,2018-01-02,TXN,TXN,451,,,,user_provided,,"User-provided S&P 500 start list recorded on 2026-06-03; unverified public/pilot anchor, not final Bloomberg membership."
sp500,2018-01-02,TXT,TXT,452,,,,user_provided,,"User-provided S&P 500 start list recorded on 2026-06-03; unverified public/pilot anchor, not final Bloomberg membership."
sp500,2018-01-02,UA,UA,453,,,,user_provided,,"User-provided S&P 500 start list recorded on 2026-06-03; unverified public/pilot anchor, not final Bloomberg membership."
sp500,2018-01-02,UAA,UAA,454,,,,user_provided,,"User-provided S&P 500 start list recorded on 2026-06-03; unverified public/pilot anchor, not final Bloomberg membership."
sp500,2018-01-02,UAL,UAL,455,,,,user_provided,,"User-provided S&P 500 start list recorded on 2026-06-03; unverified public/pilot anchor, not final Bloomberg membership."
sp500,2018-01-02,UDR,UDR,456,,,,user_provided,,"User-provided S&P 500 start list recorded on 2026-06-03; unverified public/pilot anchor, not final Bloomberg membership."
sp500,2018-01-02,UHS,UHS,457,,,,user_provided,,"User-provided S&P 500 start list recorded on 2026-06-03; unverified public/pilot anchor, not final Bloomberg membership."
sp500,2018-01-02,ULTA,ULTA,458,,,,user_provided,,"User-provided S&P 500 start list recorded on 2026-06-03; unverified public/pilot anchor, not final Bloomberg membership."
sp500,2018-01-02,UNH,UNH,459,,,,user_provided,,"User-provided S&P 500 start list recorded on 2026-06-03; unverified public/pilot anchor, not final Bloomberg membership."
sp500,2018-01-02,UNM,UNM,460,,,,user_provided,,"User-provided S&P 500 start list recorded on 2026-06-03; unverified public/pilot anchor, not final Bloomberg membership."
sp500,2018-01-02,UNP,UNP,461,,,,user_provided,,"User-provided S&P 500 start list recorded on 2026-06-03; unverified public/pilot anchor, not final Bloomberg membership."
sp500,2018-01-02,UPS,UPS,462,,,,user_provided,,"User-provided S&P 500 start list recorded on 2026-06-03; unverified public/pilot anchor, not final Bloomberg membership."
sp500,2018-01-02,URI,URI,463,,,,user_provided,,"User-provided S&P 500 start list recorded on 2026-06-03; unverified public/pilot anchor, not final Bloomberg membership."
sp500,2018-01-02,USB,USB,464,,,,user_provided,,"User-provided S&P 500 start list recorded on 2026-06-03; unverified public/pilot anchor, not final Bloomberg membership."
sp500,2018-01-02,UTX,UTX,465,,,,user_provided,,"User-provided S&P 500 start list recorded on 2026-06-03; unverified public/pilot anchor, not final Bloomberg membership."
sp500,2018-01-02,V,V,466,,,,user_provided,,"User-provided S&P 500 start list recorded on 2026-06-03; unverified public/pilot anchor, not final Bloomberg membership."
sp500,2018-01-02,VAR,VAR,467,,,,user_provided,,"User-provided S&P 500 start list recorded on 2026-06-03; unverified public/pilot anchor, not final Bloomberg membership."
sp500,2018-01-02,VFC,VFC,468,,,,user_provided,,"User-provided S&P 500 start list recorded on 2026-06-03; unverified public/pilot anchor, not final Bloomberg membership."
sp500,2018-01-02,VIAB,VIAB,469,,,,user_provided,,"User-provided S&P 500 start list recorded on 2026-06-03; unverified public/pilot anchor, not final Bloomberg membership."
sp500,2018-01-02,VLO,VLO,470,,,,user_provided,,"User-provided S&P 500 start list recorded on 2026-06-03; unverified public/pilot anchor, not final Bloomberg membership."
sp500,2018-01-02,VMC,VMC,471,,,,user_provided,,"User-provided S&P 500 start list recorded on 2026-06-03; unverified public/pilot anchor, not final Bloomberg membership."
sp500,2018-01-02,VNO,VNO,472,,,,user_provided,,"User-provided S&P 500 start list recorded on 2026-06-03; unverified public/pilot anchor, not final Bloomberg membership."
sp500,2018-01-02,VRSK,VRSK,473,,,,user_provided,,"User-provided S&P 500 start list recorded on 2026-06-03; unverified public/pilot anchor, not final Bloomberg membership."
sp500,2018-01-02,VRSN,VRSN,474,,,,user_provided,,"User-provided S&P 500 start list recorded on 2026-06-03; unverified public/pilot anchor, not final Bloomberg membership."
sp500,2018-01-02,VRTX,VRTX,475,,,,user_provided,,"User-provided S&P 500 start list recorded on 2026-06-03; unverified public/pilot anchor, not final Bloomberg membership."
sp500,2018-01-02,VTR,VTR,476,,,,user_provided,,"User-provided S&P 500 start list recorded on 2026-06-03; unverified public/pilot anchor, not final Bloomberg membership."
sp500,2018-01-02,VZ,VZ,477,,,,user_provided,,"User-provided S&P 500 start list recorded on 2026-06-03; unverified public/pilot anchor, not final Bloomberg membership."
sp500,2018-01-02,WAT,WAT,478,,,,user_provided,,"User-provided S&P 500 start list recorded on 2026-06-03; unverified public/pilot anchor, not final Bloomberg membership."
sp500,2018-01-02,WBA,WBA,479,,,,user_provided,,"User-provided S&P 500 start list recorded on 2026-06-03; unverified public/pilot anchor, not final Bloomberg membership."
sp500,2018-01-02,WDC,WDC,480,,,,user_provided,,"User-provided S&P 500 start list recorded on 2026-06-03; unverified public/pilot anchor, not final Bloomberg membership."
sp500,2018-01-02,WEC,WEC,481,,,,user_provided,,"User-provided S&P 500 start list recorded on 2026-06-03; unverified public/pilot anchor, not final Bloomberg membership."
sp500,2018-01-02,WFC,WFC,483,,,,user_provided,,"User-provided S&P 500 start list recorded on 2026-06-03; unverified public/pilot anchor, not final Bloomberg membership."
sp500,2018-01-02,WHR,WHR,484,,,,user_provided,,"User-provided S&P 500 start list recorded on 2026-06-03; unverified public/pilot anchor, not final Bloomberg membership."
sp500,2018-01-02,WLTW,WLTW,485,,,,user_provided,,"User-provided S&P 500 start list recorded on 2026-06-03; unverified public/pilot anchor, not final Bloomberg membership."
sp500,2018-01-02,WM,WM,486,,,,user_provided,,"User-provided S&P 500 start list recorded on 2026-06-03; unverified public/pilot anchor, not final Bloomberg membership."
sp500,2018-01-02,WMB,WMB,487,,,,user_provided,,"User-provided S&P 500 start list recorded on 2026-06-03; unverified public/pilot anchor, not final Bloomberg membership."
sp500,2018-01-02,WMT,WMT,488,,,,user_provided,,"User-provided S&P 500 start list recorded on 2026-06-03; unverified public/pilot anchor, not final Bloomberg membership."
sp500,2018-01-02,WRK,WRK,489,,,,user_provided,,"User-provided S&P 500 start list recorded on 2026-06-03; unverified public/pilot anchor, not final Bloomberg membership."
sp500,2018-01-02,WU,WU,490,,,,user_provided,,"User-provided S&P 500 start list recorded on 2026-06-03; unverified public/pilot anchor, not final Bloomberg membership."
sp500,2018-01-02,WY,WY,491,,,,user_provided,,"User-provided S&P 500 start list recorded on 2026-06-03; unverified public/pilot anchor, not final Bloomberg membership."
sp500,2018-01-02,WYN,WYN,508,Wyndham Worldwide,,,SP500/changes.json,,Point-in-time correction added from local SP500/changes.json audit. 2018-05-31 ABMD replaced WYN; therefore WYN should still be in the 2018-01-02 roster.
sp500,2018-01-02,WYN,WYND,492,,,,user_provided,,"User-provided S&P 500 start list recorded on 2026-06-03; unverified public/pilot anchor, not final Bloomberg membership. Historical TAQ symbol correction for 2018-01-02: WYND -> WYN."
sp500,2018-01-02,WYNN,WYNN,493,,,,user_provided,,"User-provided S&P 500 start list recorded on 2026-06-03; unverified public/pilot anchor, not final Bloomberg membership."
sp500,2018-01-02,XEC,XEC,494,,,,user_provided,,"User-provided S&P 500 start list recorded on 2026-06-03; unverified public/pilot anchor, not final Bloomberg membership."
sp500,2018-01-02,XEL,XEL,495,,,,user_provided,,"User-provided S&P 500 start list recorded on 2026-06-03; unverified public/pilot anchor, not final Bloomberg membership."
sp500,2018-01-02,XL,XL,496,,,,user_provided,,"User-provided S&P 500 start list recorded on 2026-06-03; unverified public/pilot anchor, not final Bloomberg membership."
sp500,2018-01-02,XLNX,XLNX,497,,,,user_provided,,"User-provided S&P 500 start list recorded on 2026-06-03; unverified public/pilot anchor, not final Bloomberg membership."
sp500,2018-01-02,XOM,XOM,498,,,,user_provided,,"User-provided S&P 500 start list recorded on 2026-06-03; unverified public/pilot anchor, not final Bloomberg membership."
sp500,2018-01-02,XRAY,XRAY,499,,,,user_provided,,"User-provided S&P 500 start list recorded on 2026-06-03; unverified public/pilot anchor, not final Bloomberg membership."
sp500,2018-01-02,XRX,XRX,500,,,,user_provided,,"User-provided S&P 500 start list recorded on 2026-06-03; unverified public/pilot anchor, not final Bloomberg membership."
sp500,2018-01-02,XYL,XYL,501,,,,user_provided,,"User-provided S&P 500 start list recorded on 2026-06-03; unverified public/pilot anchor, not final Bloomberg membership."
sp500,2018-01-02,YUM,YUM,502,,,,user_provided,,"User-provided S&P 500 start list recorded on 2026-06-03; unverified public/pilot anchor, not final Bloomberg membership."
sp500,2018-01-02,ZBH,ZBH,503,,,,user_provided,,"User-provided S&P 500 start list recorded on 2026-06-03; unverified public/pilot anchor, not final Bloomberg membership."
sp500,2018-01-02,ZION,ZION,504,,,,user_provided,,"User-provided S&P 500 start list recorded on 2026-06-03; unverified public/pilot anchor, not final Bloomberg membership."
sp500,2018-01-02,ZTS,ZTS,505,,,,user_provided,,"User-provided S&P 500 start list recorded on 2026-06-03; unverified public/pilot anchor, not final Bloomberg membership."
